ABINGTON: Abington
ALTOONA: Altoona
BEAVER: Beaver
BEHREND: Behrend
BERKS: Berks
BRANDYWINE: Brandywine
DSL-CARL: Dickinson School of Law (Carlisle)
DSL-UP: University Park
DUBOIS: Dubois
FAYETTE: Fayette
GALLEGHENY: Greater Allegheny
GREATVLY: Great Valley
HARRISBURG: Harrisburg
HAZLETON: Hazleton
HERSHEY: College of Medicine (Hershey)
LEHIGHVLY: Lehigh Valley
MONTALTO: Mont Alto
NEWKEN: New Kensington
SCHUYLKILL: Shuylkill
SHENANGO: Shenango
UP-ARCHIT: University Park
UP-ARTSHUM: University Park
UP-BUSINES: University Park
UP-ANNEX: Annex
UP-EMS: University Park
UP-ENGIN: University Park
UP-GATEWAY: University Park
UP-LIFESCI: University Park
UP-MAPS: University Park
UP-MEDICAL: University Park
UP-MICRO: University Park
UP-PAMS: University Park
UP-PAT: University Park
UP-SOCSCI: University Park
UP-EDUBEHV: University Park
UP-SPECCOL: University Park
WILKESBAR: Wilkes-Barre
WORLD: World Campus
WSCRANTON: Scranton
YORK: York